TITLE;DIRECTOR;YEAR;REVIEW;GENRE;Runtime;FORMAT;DATE;REWATCH;COMMENTS
Godzilla vs. Kong;Adam Wingard;2021;65;Action/Sci-fi/Thriller;01:53;HBO;1-1-2023;;Goede actie maar verhaal is minder
The Guilty;Antoine Fuqua;2021;60;Thriller/Crime;01:30;Netflix;1-1-2023;;"Film speelt zich af in een kamer; ik zat niet echt goed op te letten"
Everything Everywhere All at Once;Dan Kwan & Daniel Scheinert;2022;80;Action/Adventure/Comedy;02:20;Prime;3-1-2023;;leuk
Logan;James Mangold;2017;85;Action/Drama/Sci-fi;02:17;Disney+;5-1-2023;;Goede film. Actie en verhaal waren goed. Badguy minder sterk
Ford v Ferrari;James Mangold;2019;80;Drama/Sport;02:37;Disney+;6-1-2023;;De race was goed
John Wick;Chad Stahelski;2014;70;Action/Crime/Thriller;01:41;HBO;9-1-2023;X;actie actie en nog meer actie
my hero academia world heroes' mission;Kenji Nagasaki;2021;65;Animation/Action/Adventure;01:41;Online;12-2-2023;;
John Wick 2; Chad Stahelski;2017;70;Action/Crime/Thriller;02:02;Netflix;21-3-2023;;
John Wick 3; Chad Stahelski;2019;75;Action/Crime/Thriller;02:10;Netflix;23-3-2023;;
The Fast and the Furious;Rob Cohen;2001;60;Action/Crime/Thriller;01:46;Online;24-3-2023;;
John Wick 4; Chad Stahelski;2023;77;Action/Crime/Thriller;02:49;Bioscoop;26-3-2023;;
The Super Mario Bros. Movie;Aaron Horvath & Michael Jelenic;2023;75;Animation/Adventure/Comedy;01:32;Online;16-5-2023;;
guardians of the galaxy 3;James Gunn;2023;85;Action/Adventure/Comedy;02:30;Bioscoop;25-5-2023;;
Ant-Man and the Wasp: Quantumania;Peyton Reed;2023;50;Action/Adventure/Comedy;02:04;Disney+;26-5-2023;;
The Menu;Mark Mylod;2022;80;Comedy/Horror/Thriller ;01:47;Disney+;4-6-2023;;
Spider-Man: Across the Spider-Verse;Joaquim Dos Santos & Kemp Powers & justin k thompson;2023;85;Animation/Action/Adventure;02:20;Bioscoop;8-7-2023;;
Mission: Impossible - Dead Reckoning Part One;Christopher McQuarrie;2023;80;Action/Adventure/Thriller;02:43;Bioscoop;17-7-2023;;
The Flash;Andy Muschietti;2023;55;Action/Adventure/Fantasy;02:24;Online;25-7-2023;;
Gran Turismo;Neill Blomkamp;2023;70;Action/Adventure/Drama;02:15;Bioscoop;11-8-2023;;
Saw;James Wan;2004;70;Horror/Mystery/Thriller;01:43;Prime;1-10-2023;X;
Saw 2;Darren Lynn Bousman;2005;65;Horror/Mystery/Thriller;01:33;Online;3-10-2023;X;
Saw X;Kevin Greutert;2023;70;Horror/Mystery/Thriller;01:58;Online;28-10-2023;;
Nightcrawler ;Dan Gilroy;2014;80;Crime/Drama/Thriller;01:57;Online;21-11-2023;;
The Departed;Martin Scorsese;2006;80;Crime/Drama/Thriller;02:31;Prime;25-11-2023;;
shrek;Andrew Adamson & Vicky Jenson;2001;60;Animation/Adventure/Comedy;01:30;Prime;26-11-2023;;
Paddington;Paul King;2014;70;Adventure/Comedy/Family;01:35;HBO;9-12-2023;;
Arrival;Denis Villeneuve;2016;70;Drama/Mystery/Sci-Fi;01:56;Prime;10-12-2023;;
The Talented Mr. Ripley;Anthony Minghella;1999;75;Crime/Drama/Thriller;02:19;Netflix;12-12-2023;;
The Covenant;Guy Ritchie;2023;75;Action/Drama/Thriller;02:03;Prime;15-12-2023;;
Predestination;Michael Spierig & Peter Spierig;2014;56;Action/Drama/Sci-fi;01:37;Netflix;16-12-2023;;
21 Jump Street;Phil Lord & Christopher Miller;2012;70;Action/Comedy/Crime;01:49;Online;21-12-2023;;
The Prestige;Christopher Nolan;2006;90;Drama/Mystery/Sci-Fi;02:10;Online;1-1-2024;;
Triangle of Sadness;Ruben Östlund;2022;70;comedy/Drama;02:27;Online;3-1-2024;;
Extraction 2;Sam Hargrave;2023;65;Action/Thriller;02:02;Netflix;3-1-2024;;
society of the snow;Juan Antonio Bayona;2024;100;Adventure/Drama/History;02:24;Netflix;16-1-2024;;
The Grand Budapest Hotel;Wes Anderson;2014;80;Adventure/Comedy/Crime;01:39;Disney+;18-1-2024;;
Everest;Baltasar Kormákur;2015;60;Action/Adventure/biography;02:01;Prime;21-1-2024;;
Lady Bird;Greta Gerwig;2017;80;Comedy/Drama;01:34;Prime;24-1-2024;;
Wonka;Paul King;2023;70;Adventure/Comedy/Family;01:56;Online;2-2-2024;;
The Beekeeper;David Ayer;2024;60;Action/Triller;01:45;Online;3-2-2024;;
Fight Club;David Fincher;1999;80;Drama;02:19;Disney+;6-2-2024;;
Drive;Nicolas Winding Refn;2011;60;Drama/Thriller/Crime;01:40;Prime;8-2-2024;;
A Simple Favor;Paul Feig;2018;60;Crime/Thriller/Mystery/Comedy;01:57;Prime;9-2-2024;;
Dune;Denis Villeneuve;2021;70;Science Fiction/Adventure;02:35;HBO;1-3-2024;;
Ricky Stanicky;Peter Farrelly;2024;60;Comedy;01:53;Prime;14-3-2024;;
Back to the Future;Robert Zemeckis;1985;75;Adventure/Comedy/Science Fiction;01:56;Online;28-3-2024;;
The Maze Runner;Wes Ball;2014;60;Action/Mystery/Science Fiction/Thriller;01:53;Online;11-4-2024;X;
Dune: Part Two;Denis Villeneuve;2024;80;Science Fiction/Adventure;02:47;Bioscoop;20-4-2024;;
Kingdom of the Planet of the Apes;Wes Ball;2024;70;Science Fiction/Adventure/Action;02:25;Bioscoop;7-5-2024;;"IGN prijsvraag; pathe arena"
Maze Runner: The Scorch Trials;Wes Ball;2015;60;Science Fiction/Action/Thriller/Adventure;02:11;Online;16-5-2024;X;
Civil War;Alex Garland;2024;80;War/Action/Drama;01:49;Online;24-5-2024;;
The Fall Guy;David Leitch;2024;70;Action/Comedy;02:06;Online;30-5-2024;;
Godzilla Minus One;Takashi Yamazaki;2023;90;Science Fiction/Horror/Action;02:05;Netflix;5-6-2024;;
Hit Man;Richard Linklater;2024;80;Romance/Comedy/Crime;01:56;Online;8-6-2024;;
Deadpool 2;David Leitch;2018;50;Action/Comedy/Adventure;02:00;Online;18-7-2024;;
Twisters;Lee Isaac Chung;2024;60;Action/Adventure/Drama;02:03;Bioscoop;29-7-2024;;
Deadpool & Wolverine;Shawn Levy;2024;50;Action/Comedy/Science Fiction;02:08;Bioscoop;31-7-2024;;
Time Lapse;Bradley King;2014;60;Thriller/Science Fiction/Mystery;01:44;Online;25-8-2024;X;
Trap;M. Night Shyamalan;2024;40;Thriller/Crime;01:45;Online;30-8-2024;;
Inside Out 2;Kelsey Mann;2024;70;Animation/Family/Adventure/Comedy;01:37;Online;31-8-2024;;
Bean;Mel Smith;1997;70;Family/Adventure/Comedy;01:29;Online;12-9-2024;X;
Mr. Bean's Holiday;Steve Bendelack;2007;60;Family/Comedy;01:30;Online;19-9-2024;X;
Johnny English;Peter Howitt;2003;60;Adventure/Action/Comedy;01:27;Online;26-9-2024;X;
Salem's Lot;Gary Dauberman;2024;50;Horror;01:53;HBO;3-10-2024;;
His House;Remi Weekes;2020;60;Drama/Horror;01:33;Netflix;11-10-2024;;Met Anisa
The Woman in Black;James Watkins;2012;60;Drama/Horror/Thriller;01:35;Online;17-10-2024;;
De Griezelbus;Pieter Kuijpers;2005;50;Adventure/Family/Fantasy;01:36;Online;24-10-2024;;
Beetlejuice Beetlejuice;Tim Burton;2024;80;Comedy/Fantasy/Horror;01:45;Bioscoop;8-11-2024;;Met loebaz
Source Code;Duncan Jones;2011;80;Thriller/Science Fiction/Mystery;01:33;Online;9-11-2024;;
The Interview;Evan Goldberg & Seth Rogen;2014;60;Action/Comedy;01:53;Netflix;14-11-2024;;
Carry-On;Jaume Collet-Serra;2024;80;Action/Mystery/Thriller;01:59;Netflix;18-12-2024;;
Juror #2;Clint Eastwood;2024;70;Crime/Drama;01:54;HBO;25-12-2024;;
Interstellar;Christopher Nolan;2014;100;Adventure/Drama/Science Fiction;02:49;Bioscoop;26-12-2024;;
Rush;Ron Howard;2013;80;Drama/Action;02:03;Online;20-1-2025;;
Self Reliance;Jake Johnson;2024;60;Comedy/Thriller;01:31;Online;26-1-2025;;
Alien: Romulus;Fede Álvarez;2024;80;Horror/Science Fiction;01:59;Disney+;3-2-2025;;
Dungeons & Dragons: Honor Among Thieves;John Francis Daley & Jonathan Goldstein;2023;80;Adventure/Fantasy/Comedy;02:14;Netflix;8-2-2025;;
Palm Springs;Max Barbakow;2020;80;Comedy/Romance/Science Fiction;01:30;Prime;12-2-2025;;
The Endless;Aaron Moorhead & Justin Benson;2017;50;Science Fiction/Horror/Thriller;01:52;Online;17-2-2025;;
Zodiac;David Fincher;2007;100;Crime/Drama/Mystery/Thriller;02:37;Online;24-2-2025;;
Inside Man;Spike Lee;2006;50;Crime/Drama/Thriller;02:09;Netflix;25-2-2025;;
Mickey 17;Bong Joon Ho;2025;60;Science Fiction/Comedy/Adventure;02:17;Online;20-4-2025;;
Conclave;Edward Berger;2024;60;Drama/Thriller/Mystery;02:00;Prime;7-5-2025;;
Final Destination;James Wong;2000;50;Horror;01:38;Netflix;17-5-2025;;
Sinners;Ryan Coogler;2025;90;Horror/Fantasy/Western/Thriller;02:18;Bioscoop;23-5-2025;;
A Quiet Place: Day One;Michael Sarnoski;2024;70;Horror/Science Fiction/Thriller;01:40;Online;8-6-2025;;
Easy A;Will Gluck;2010;60;Comedy;01:33;Prime;10-6-2025;;
Final Destination Bloodlines;Adam B. Stein & Zach Lipovsky;2025;70;Horror/Mystery;01:49;Online;18-6-2025;;
28 Days Later;Danny Boyle;2002;70;Horror/Thriller/Science Fiction;01:53;Online;23-6-2025;;
28 Weeks Later;Juan Carlos Fresnadillo;2007;60;Horror/Thriller/Science Fiction;01:40;Online;24-6-2025;;
F1;Joseph Kosinski;2025;60;Action/Drama;02:36;Bioscoop;2-7-2025;;
Bring Her Back;Michael Philippou & Danny Philippou;2025;80;Horror;01:44;Online;7-7-2025;;
Jurassic World Rebirth;Gareth Edwards;2025;60;Science Fiction/Adventure/Action;02:14;Bioscoop;10-7-2025;;
Superman;James Gunn;2025;90;Science Fiction/Adventure/Action;02:10;Bioscoop;13-7-2025;;
The Thing;Matthijs van Heijningen Jr.;2011;50;Horror/Science Fiction/Mystery;01:43;Online;18-7-2025;;
Reservoir Dogs;Quentin Tarantino;1992;70;Crime/Thriller;01:39;Prime;21-7-2025;;
Se7en;David Fincher;1995;90;Crime/Mystery/Thriller;02:07;Prime;22-7-2025;;
The Fantastic Four: First Steps;Matt Shakman;2025;70;Science Fiction/Adventure;01:55;Bioscoop;25-7-2025;;
Inglourious Basterds;Quentin Tarantino;2009;100;Drama/Thriller/War;02:33;Online;30-7-2025;;
Warfare;Ray Mendoza & Alex Garland;2025;70;War/Action;01:35;Online;2-8-2025;;
Burn After Reading;Ethan Coen & Joel Coen;2008;60;Comedy/Drama;01:36;Prime;5-8-2025;;
The Naked Gun: From the Files of Police Squad!;David Zucker;1988;70;Comedy/Crime;01:26;Online;22-8-2025;;
The Descent;Neil Marshall;2005;60;Adventure/Horror;01:40;Online;23-8-2025;;
We Need to Talk About Kevin;Lynne Ramsay;2011;40;Drama/Thriller;01:53;Online;26-8-2025;;
Weapons;Zach Cregger;2025;90;Horror/Mystery;02:09;Bioscoop;29-8-2025;;
X;Ti West;2022;70;Horror/Thriller;01:46;Online;13-9-2025;;
MaXXXine;Ti West;2024;70;Horror/Thriller;01:43;Online;14-9-2025;;
War Dogs;Todd Phillips;2016;80;Comedy/Crime/Drama;01:54;Prime;26-9-2025;;
Ex Machina;Alex Garland;2015;70;Drama/Science Fiction;01:48;Prime;27-9-2025;;
Nobody 2;Timo Tjahjanto;2025;50;Action/Thriller;01:29;Online;12-10-2025;;
The Long Walk;Francis Lawrence;2025;60;Horror/Thriller;01:49;Bioscoop;15-10-2025;;
A House of Dynamite;Kathryn Bigelow;2025;80;War/Thriller;01:53;Bioscoop;18-10-2025;;
The Occupant;Hugo Keijzer;2025;50;Science Fiction/Drama/Thriller;01:44;Bioscoop;21-10-2025;;
Roofman;Derek Cianfrance;2025;60;Crime/Drama/Comedy;02:06;Bioscoop;25-10-2025;;
Bugonia;Yorgos Lanthimos;2025;90;Comedy/Science Fiction/Thriller;01:58;Bioscoop;25-10-2025;;
The Internship;Shawn Levy;2013;50;Comedy;01:59;Netflix;28-10-2025;;
Happy Death Day;Christopher Landon;2017;60;Comedy/Horror/Mystery;01:37;Online;29-10-2025;;
